
{
    "apiVersion":"6.0.0"
    ,"swaggerVersion":"1.2"
    ,"basePath":"/api/rest/v6"
    ,"resourcePath":"/baseUris"
    ,"produces":
    ["application/json"
    ]
    ,"apis":
    [
        {
            "path":"/baseUris"
            ,"operations":
            [
                {
                    "httpMethod":"GET"
                    ,"summary":"Gets the base uri to access other APIs. In case other APIs are accessed from a different end point, it will be considered an invalid request."
                    ,"notes":null
                    ,"type":"BaseUriInfo"
                    ,"nickname":"getBaseUris"
                    ,"order":0
                    ,"produces":
                    ["application/json"
                    ]
                    ,"authorizations":
                    {
                        "oauth2":
                        [
                            {
                                "scope":"agreement_read"
                            }
                            ,{
                                "scope":"agreement_sign"
                            }
                            ,{
                                "scope":"agreement_write"
                            }
                            ,{
                                "scope":"agreement_retention"
                            }
                            ,{
                                "scope":"library_read"
                            }
                            ,{
                                "scope":"library_write"
                            }
                            ,{
                                "scope":"library_retention"
                            }
                            ,{
                                "scope":"user_login"
                            }
                            ,{
                                "scope":"user_read"
                            }
                            ,{
                                "scope":"user_write"
                            }
                            ,{
                                "scope":"widget_read"
                            }
                            ,{
                                "scope":"widget_write"
                            }
                            ,{
                                "scope":"agreement_send"
                            }
                            ,{
                                "scope":"workflow_read"
                            }
                            ,{
                                "scope":"webhook_read"
                            }
                            ,{
                                "scope":"webhook_write"
                            }
                            ,{
                                "scope":"webhook_retention"
                            }
                        ]
                    }
                    ,"parameters":
                    [
                        {
                            "name":"Authorization"
                            ,"description":"An <a href=\"#\" onclick=\"this.href=oauthDoc()\" oncontextmenu=\"this.href=oauthDoc()\" target=\"oauthDoc\">OAuth Access Token<\/a> with any of the valid scopes<ul><\/ul>in the format <b>'Bearer {accessToken}'."
                            ,"required":true
                            ,"type":"string"
                            ,"paramType":"header"
                        }
                    ]
                    ,"errorResponses":
                    [
                        {
                            "code":"401"
                            ,"reason":"INVALID_ACCESS_TOKEN: Access token provided is invalid or has expired."
                        }
                        ,{
                            "code":"401"
                            ,"reason":"NO_AUTHORIZATION_HEADER: Authorization header not provided."
                        }
                    ]
                }
            ]
        }
    ]
    ,"models":
    {
        "BaseUriInfo":
        {
            "id":"BaseUriInfo"
            ,"properties":
            {
                "apiAccessPoint":
                {
                    "required":true
                    ,"description":"The access point from where other APIs need to be accessed. In case other APIs are accessed from a different end point, it will be considered an invalid request"
                    ,"type":"string"
                }
                ,"webAccessPoint":
                {
                    "required":true
                    ,"description":"The access point from where Adobe Sign website can be be accessed"
                    ,"type":"string"
                }
            }
        }
    }
}